{
  "cost": 2265500.0,
  "gap_gurobi": 0.05326859412933127,
  "runtime": 8178.187288045883,
  "status": 11,
  "n_points_open": 403,
  "total_bins": 1461,
  "bins_per_type": {
    "0": 414,
    "1": 446,
    "2": 385,
    "3": 216
  },
  "open_points": [
    0,
    4,
    5,
    6,
    12,
    14,
    15,
    16,
    22,
    31,
    35,
    42,
    44,
    47,
    53,
    64,
    70,
    71,
    72,
    73,
    75,
    77,
    84,
    85,
    86,
    92,
    99,
    100,
    102,
    106,
    111,
    123,
    133,
    141,
    144,
    147,
    151,
    154,
    157,
    158,
    159,
    162,
    165,
    168,
    170,
    172,
    174,
    175,
    176,
    179,
    181,
    184,
    187,
    188,
    192,
    193,
    201,
    203,
    207,
    208,
    211,
    212,
    217,
    221,
    223,
    224,
    227,
    230,
    235,
    236,
    237,
    239,
    246,
    247,
    256,
    257,
    260,
    261,
    262,
    263,
    269,
    271,
    272,
    277,
    279,
    285,
    286,
    287,
    293,
    295,
    300,
    301,
    309,
    311,
    315,
    321,
    327,
    332,
    333,
    334,
    337,
    338,
    339,
    340,
    343,
    345,
    350,
    351,
    358,
    359,
    361,
    364,
    365,
    368,
    369,
    370,
    371,
    372,
    374,
    375,
    376,
    378,
    379,
    380,
    387,
    388,
    400,
    405,
    408,
    409,
    414,
    416,
    419,
    420,
    421,
    425,
    428,
    433,
    445,
    446,
    447,
    450,
    452,
    457,
    458,
    459,
    460,
    461,
    470,
    486,
    489,
    490,
    496,
    501,
    510,
    514,
    521,
    524,
    526,
    528,
    529,
    531,
    532,
    534,
    547,
    548,
    549,
    555,
    558,
    566,
    573,
    580,
    583,
    584,
    585,
    587,
    590,
    592,
    596,
    600,
    601,
    603,
    615,
    617,
    624,
    625,
    631,
    637,
    639,
    654,
    658,
    660,
    664,
    668,
    670,
    671,
    673,
    677,
    681,
    682,
    684,
    686,
    687,
    689,
    695,
    698,
    699,
    705,
    713,
    718,
    720,
    730,
    732,
    734,
    739,
    741,
    742,
    743,
    754,
    756,
    762,
    774,
    785,
    793,
    808,
    819,
    822,
    825,
    827,
    830,
    832,
    837,
    839,
    855,
    870,
    871,
    872,
    876,
    882,
    885,
    886,
    890,
    907,
    915,
    917,
    929,
    933,
    934,
    936,
    940,
    941,
    943,
    944,
    946,
    952,
    953,
    957,
    958,
    962,
    965,
    968,
    977,
    993,
    995,
    997,
    999,
    1004,
    1007,
    1008,
    1012,
    1013,
    1018,
    1028,
    1033,
    1035,
    1041,
    1043,
    1052,
    1060,
    1065,
    1069,
    1076,
    1083,
    1085,
    1106,
    1112,
    1119,
    1126,
    1134,
    1138,
    1140,
    1147,
    1148,
    1149,
    1150,
    1151,
    1153,
    1154,
    1155,
    1156,
    1157,
    1158,
    1159,
    1160,
    1161,
    1162,
    1163,
    1164,
    1165,
    1166,
    1167,
    1168,
    1169,
    1170,
    1171,
    1172,
    1173,
    1174,
    1175,
    1176,
    1177,
    1178,
    1179,
    1180,
    1181,
    1182,
    1183,
    1184,
    1185,
    1186,
    1187,
    1188,
    1189,
    1190,
    1191,
    1192,
    1193,
    1194,
    1195,
    1196,
    1197,
    1198,
    1199,
    1200,
    1201,
    1202,
    1203,
    1204,
    1205,
    1206,
    1207,
    1208,
    1210,
    1211,
    1212,
    1213,
    1214,
    1215,
    1216,
    1217,
    1218,
    1219,
    1220,
    1221,
    1222,
    1223,
    1224,
    1225,
    1226,
    1227,
    1228,
    1229,
    1230,
    1231,
    1233,
    1234,
    1235,
    1236,
    1237,
    1238,
    1239,
    1240,
    1241,
    1242,
    1243,
    1244,
    1245,
    1248,
    1250,
    1251,
    1252,
    1253,
    1254,
    1255,
    1256,
    1257,
    1258,
    1259,
    1260,
    1261,
    1262,
    1263,
    1264
  ]
}