{
  "cost": 343070.0,
  "gap": 0.1328460141759998,
  "runtime": 1410.2701289653778,
  "stop_reason": "no_improve",
  "n_points_open": 64,
  "total_bins": 208,
  "bins_per_type": {
    "0": 64,
    "1": 65,
    "2": 51,
    "3": 28
  },
  "open_points": [
    0,
    4,
    5,
    7,
    8,
    10,
    11,
    16,
    18,
    19,
    21,
    22,
    23,
    25,
    30,
    34,
    37,
    38,
    39,
    43,
    45,
    46,
    48,
    49,
    51,
    57,
    63,
    64,
    69,
    71,
    72,
    76,
    78,
    79,
    90,
    93,
    94,
    95,
    97,
    98,
    99,
    102,
    108,
    118,
    119,
    120,
    122,
    124,
    132,
    135,
    138,
    159,
    163,
    164,
    166,
    167,
    168,
    169,
    170,
    171,
    172,
    173,
    174,
    175
  ],
  "best_lb": 297494.51791663974,
  "best_ub": 343070.0,
  "cost_fixed": 265800.0,
  "cost_variable": 77270.0,
  "n_iterations": 18887,
  "time_to_best_lb": 509.2626440999993,
  "feasible": true
}