{
  "cost": 621540.0,
  "gap_gurobi": 0.0023811822247964735,
  "runtime": 14400.106490135193,
  "status": 9,
  "n_points_open": 114,
  "total_bins": 385,
  "bins_per_type": {
    "0": 116,
    "1": 119,
    "2": 97,
    "3": 53
  },
  "open_points": [
    1,
    4,
    8,
    9,
    16,
    17,
    18,
    19,
    21,
    23,
    28,
    30,
    33,
    48,
    49,
    55,
    58,
    59,
    62,
    66,
    68,
    69,
    71,
    76,
    80,
    84,
    85,
    86,
    87,
    88,
    92,
    93,
    94,
    96,
    101,
    103,
    108,
    111,
    112,
    113,
    115,
    116,
    119,
    130,
    131,
    134,
    135,
    136,
    140,
    143,
    151,
    154,
    156,
    165,
    168,
    171,
    172,
    175,
    179,
    180,
    183,
    193,
    196,
    201,
    211,
    214,
    215,
    216,
    217,
    218,
    222,
    234,
    235,
    244,
    248,
    252,
    255,
    256,
    262,
    274,
    286,
    287,
    289,
    292,
    294,
    300,
    306,
    309,
    310,
    311,
    312,
    313,
    314,
    316,
    317,
    318,
    319,
    320,
    321,
    322,
    323,
    324,
    325,
    326,
    327,
    328,
    329,
    330,
    331,
    333,
    334,
    335,
    336,
    337
  ]
}