{
  "best_lb": 144467.68645125424,
  "best_ub": 164150.0,
  "gap": 0.11990443831097022,
  "n_iterations": 4000,
  "runtime_seconds": 1300.3336567878723,
  "n_points_open": 29,
  "total_bins": 151,
  "bins_per_type": {
    "0": 66,
    "1": 26,
    "2": 49,
    "3": 10
  },
  "open_points": [
    3,
    5,
    6,
    8,
    9,
    18,
    21,
    28,
    30,
    33,
    37,
    46,
    48,
    53,
    62,
    69,
    74,
    82,
    86,
    96,
    100,
    106,
    114,
    118,
    119,
    123,
    127,
    137,
    163
  ]
}