{
  "cost": 343070.0,
  "gap": 0.13356243188465253,
  "runtime": 566.419243812561,
  "stop_reason": "max_iters",
  "n_points_open": 64,
  "total_bins": 208,
  "bins_per_type": {
    "0": 64,
    "1": 65,
    "2": 51,
    "3": 28
  },
  "open_points": [
    0,
    4,
    5,
    7,
    8,
    10,
    11,
    16,
    18,
    19,
    21,
    22,
    23,
    25,
    30,
    31,
    34,
    37,
    39,
    43,
    46,
    48,
    49,
    51,
    57,
    63,
    64,
    68,
    69,
    71,
    72,
    76,
    78,
    79,
    90,
    93,
    94,
    95,
    97,
    98,
    99,
    102,
    108,
    118,
    119,
    120,
    121,
    124,
    132,
    134,
    135,
    159,
    163,
    164,
    166,
    167,
    168,
    169,
    170,
    171,
    172,
    173,
    174,
    175
  ],
  "best_lb": 297248.73649333225,
  "best_ub": 343070.0,
  "cost_fixed": 265800.0,
  "cost_variable": 77270.0,
  "n_iterations": 4000,
  "time_to_best_lb": 231.08666596900002,
  "feasible": true
}