{
  "cost": 302700.0,
  "gap_gurobi": 0.5807730426164519,
  "runtime": 18.544706106185913,
  "status": 11,
  "n_points_open": 61,
  "total_bins": 180,
  "bins_per_type": {
    "0": 70,
    "1": 39,
    "2": 52,
    "3": 19
  },
  "open_points": [
    1,
    3,
    4,
    5,
    8,
    12,
    14,
    15,
    16,
    17,
    20,
    21,
    23,
    24,
    25,
    26,
    28,
    29,
    30,
    31,
    33,
    34,
    35,
    37,
    38,
    45,
    47,
    48,
    49,
    51,
    54,
    56,
    57,
    61,
    63,
    72,
    73,
    75,
    76,
    77,
    78,
    80,
    81,
    84,
    86,
    92,
    94,
    97,
    98,
    99,
    102,
    105,
    106,
    108,
    110,
    112,
    113,
    120,
    125,
    128,
    129
  ]
}