{
  "best_lb": 123267.94300700157,
  "best_ub": 137800.0,
  "gap": 0.10545759791726005,
  "n_iterations": 4000,
  "runtime_seconds": 1083.0399005413055,
  "n_points_open": 24,
  "total_bins": 130,
  "bins_per_type": {
    "0": 54,
    "1": 23,
    "2": 42,
    "3": 11
  },
  "open_points": [
    1,
    5,
    8,
    23,
    27,
    28,
    30,
    36,
    41,
    42,
    51,
    55,
    61,
    66,
    67,
    68,
    72,
    79,
    91,
    106,
    108,
    115,
    136,
    137
  ]
}