{
  "cost": 799690.0,
  "gap_gurobi": 0.006627568182670785,
  "runtime": 14400.06194114685,
  "status": 9,
  "n_points_open": 144,
  "total_bins": 509,
  "bins_per_type": {
    "0": 148,
    "1": 156,
    "2": 132,
    "3": 73
  },
  "open_points": [
    0,
    1,
    2,
    7,
    11,
    15,
    28,
    32,
    38,
    39,
    40,
    41,
    43,
    44,
    51,
    61,
    69,
    81,
    95,
    98,
    101,
    105,
    107,
    108,
    111,
    115,
    117,
    118,
    120,
    125,
    127,
    129,
    133,
    136,
    137,
    139,
    140,
    141,
    151,
    152,
    153,
    155,
    160,
    161,
    162,
    163,
    172,
    175,
    176,
    178,
    180,
    183,
    188,
    191,
    193,
    201,
    205,
    208,
    209,
    210,
    214,
    215,
    228,
    230,
    232,
    233,
    243,
    246,
    249,
    251,
    252,
    254,
    256,
    259,
    260,
    263,
    277,
    283,
    284,
    288,
    304,
    307,
    308,
    310,
    315,
    325,
    326,
    328,
    342,
    354,
    358,
    360,
    361,
    362,
    366,
    367,
    383,
    385,
    386,
    388,
    405,
    411,
    417,
    425,
    429,
    431,
    434,
    436,
    437,
    438,
    439,
    440,
    441,
    443,
    444,
    445,
    446,
    447,
    448,
    449,
    450,
    451,
    452,
    453,
    454,
    455,
    456,
    457,
    459,
    460,
    461,
    462,
    463,
    464,
    465,
    466,
    467,
    468,
    469,
    470,
    471,
    472,
    473,
    474
  ]
}