{
  "cost": 3632900.0,
  "gap": 0.4646191323171445,
  "runtime": 7505.7647178173065,
  "stop_reason": "time_limit",
  "n_points_open": 750,
  "total_bins": 1431,
  "bins_per_type": {
    "0": 415,
    "1": 446,
    "2": 370,
    "3": 200
  },
  "open_points": [
    2,
    3,
    4,
    5,
    6,
    11,
    12,
    13,
    14,
    17,
    18,
    22,
    28,
    30,
    32,
    42,
    43,
    44,
    47,
    53,
    54,
    55,
    56,
    58,
    59,
    61,
    63,
    64,
    67,
    68,
    69,
    70,
    71,
    72,
    73,
    74,
    75,
    76,
    77,
    78,
    79,
    80,
    83,
    84,
    85,
    86,
    87,
    88,
    89,
    92,
    98,
    100,
    101,
    102,
    103,
    104,
    105,
    106,
    107,
    108,
    109,
    110,
    112,
    113,
    115,
    116,
    118,
    119,
    122,
    123,
    127,
    128,
    129,
    131,
    133,
    138,
    139,
    140,
    141,
    142,
    143,
    144,
    145,
    146,
    147,
    148,
    149,
    150,
    151,
    152,
    153,
    155,
    156,
    157,
    158,
    159,
    160,
    161,
    162,
    165,
    166,
    167,
    168,
    169,
    170,
    171,
    172,
    173,
    174,
    175,
    176,
    177,
    178,
    179,
    180,
    181,
    182,
    183,
    184,
    185,
    186,
    187,
    188,
    189,
    190,
    191,
    192,
    193,
    194,
    195,
    196,
    197,
    198,
    199,
    200,
    201,
    202,
    203,
    206,
    207,
    208,
    211,
    212,
    216,
    217,
    221,
    223,
    224,
    225,
    226,
    227,
    228,
    229,
    230,
    231,
    232,
    233,
    234,
    235,
    236,
    237,
    238,
    239,
    240,
    241,
    242,
    243,
    244,
    245,
    247,
    248,
    249,
    250,
    251,
    252,
    254,
    255,
    256,
    257,
    258,
    259,
    260,
    261,
    262,
    265,
    267,
    268,
    269,
    270,
    271,
    273,
    275,
    277,
    279,
    285,
    286,
    287,
    288,
    289,
    290,
    291,
    293,
    294,
    295,
    297,
    299,
    300,
    301,
    305,
    310,
    311,
    312,
    313,
    315,
    317,
    327,
    329,
    330,
    331,
    332,
    333,
    334,
    335,
    336,
    337,
    338,
    339,
    340,
    343,
    344,
    347,
    349,
    350,
    351,
    353,
    357,
    358,
    359,
    360,
    361,
    362,
    363,
    364,
    365,
    366,
    367,
    368,
    369,
    370,
    371,
    372,
    374,
    375,
    376,
    377,
    378,
    379,
    380,
    387,
    388,
    396,
    398,
    399,
    400,
    402,
    403,
    404,
    405,
    407,
    408,
    411,
    414,
    415,
    416,
    417,
    419,
    420,
    421,
    422,
    423,
    424,
    425,
    428,
    429,
    433,
    436,
    437,
    438,
    439,
    440,
    445,
    446,
    447,
    450,
    451,
    457,
    458,
    459,
    460,
    461,
    462,
    463,
    464,
    468,
    472,
    473,
    477,
    481,
    482,
    484,
    486,
    488,
    489,
    490,
    491,
    493,
    495,
    498,
    499,
    500,
    501,
    510,
    513,
    514,
    515,
    517,
    518,
    519,
    520,
    521,
    523,
    525,
    526,
    527,
    528,
    529,
    530,
    532,
    533,
    534,
    540,
    541,
    543,
    544,
    545,
    546,
    547,
    548,
    549,
    550,
    551,
    554,
    555,
    556,
    557,
    558,
    559,
    560,
    562,
    566,
    569,
    573,
    575,
    579,
    582,
    583,
    584,
    585,
    587,
    588,
    589,
    590,
    592,
    593,
    594,
    595,
    596,
    597,
    598,
    599,
    600,
    601,
    602,
    603,
    604,
    605,
    607,
    610,
    611,
    614,
    615,
    616,
    617,
    618,
    619,
    622,
    625,
    626,
    627,
    629,
    630,
    631,
    632,
    633,
    634,
    635,
    636,
    638,
    639,
    641,
    643,
    644,
    646,
    653,
    654,
    657,
    660,
    661,
    662,
    663,
    670,
    671,
    673,
    677,
    680,
    682,
    683,
    684,
    685,
    688,
    689,
    691,
    692,
    695,
    696,
    697,
    698,
    699,
    703,
    711,
    712,
    713,
    714,
    718,
    719,
    720,
    723,
    727,
    730,
    732,
    733,
    734,
    737,
    739,
    741,
    743,
    749,
    753,
    754,
    756,
    759,
    760,
    774,
    775,
    776,
    781,
    783,
    791,
    798,
    802,
    805,
    806,
    807,
    808,
    811,
    812,
    814,
    816,
    817,
    818,
    819,
    820,
    821,
    822,
    823,
    824,
    825,
    827,
    830,
    832,
    836,
    837,
    838,
    839,
    840,
    842,
    846,
    847,
    848,
    849,
    860,
    861,
    863,
    865,
    869,
    870,
    871,
    872,
    873,
    874,
    876,
    877,
    879,
    882,
    885,
    886,
    887,
    888,
    889,
    890,
    891,
    892,
    894,
    896,
    897,
    898,
    902,
    907,
    915,
    922,
    925,
    929,
    932,
    933,
    934,
    939,
    940,
    942,
    944,
    945,
    946,
    947,
    948,
    952,
    953,
    954,
    955,
    959,
    961,
    962,
    963,
    968,
    972,
    973,
    974,
    975,
    976,
    977,
    992,
    995,
    997,
    998,
    999,
    1000,
    1001,
    1002,
    1003,
    1004,
    1005,
    1012,
    1015,
    1025,
    1026,
    1029,
    1030,
    1031,
    1032,
    1035,
    1036,
    1041,
    1043,
    1044,
    1046,
    1052,
    1054,
    1060,
    1061,
    1062,
    1063,
    1064,
    1065,
    1067,
    1068,
    1070,
    1073,
    1074,
    1075,
    1077,
    1079,
    1080,
    1081,
    1082,
    1083,
    1084,
    1085,
    1087,
    1090,
    1093,
    1095,
    1100,
    1102,
    1106,
    1108,
    1109,
    1112,
    1113,
    1115,
    1119,
    1124,
    1126,
    1127,
    1131,
    1133,
    1134,
    1135,
    1136,
    1137,
    1138,
    1140,
    1141,
    1142,
    1143,
    1145,
    1146,
    1147,
    1148,
    1149,
    1150,
    1151,
    1153,
    1154,
    1155,
    1156,
    1157,
    1158,
    1159,
    1160,
    1161,
    1162,
    1163,
    1164,
    1165,
    1166,
    1167,
    1168,
    1169,
    1170,
    1171,
    1172,
    1173,
    1174,
    1175,
    1176,
    1177,
    1178,
    1179,
    1180,
    1181,
    1182,
    1183,
    1184,
    1185,
    1186,
    1187,
    1188,
    1189,
    1190,
    1191,
    1192,
    1193,
    1194,
    1195,
    1196,
    1197,
    1198,
    1199,
    1200,
    1201,
    1202,
    1203,
    1204,
    1205,
    1206,
    1207,
    1208,
    1209,
    1210,
    1211,
    1212,
    1213,
    1214,
    1215,
    1216,
    1217,
    1218,
    1219,
    1220,
    1221,
    1222,
    1223,
    1224,
    1225,
    1226,
    1227,
    1228,
    1229,
    1230,
    1231,
    1233,
    1234,
    1235,
    1236,
    1237,
    1238,
    1239,
    1240,
    1241,
    1242,
    1243,
    1244,
    1245,
    1246,
    1247,
    1248,
    1249,
    1250,
    1251,
    1252,
    1253,
    1254,
    1255,
    1256,
    1257,
    1258,
    1259,
    1260,
    1261,
    1262,
    1263,
    1264
  ],
  "best_lb": 1944985.1542050457,
  "best_ub": 3632900.0,
  "cost_fixed": 3102400.0,
  "cost_variable": 530500.0,
  "n_iterations": 4140,
  "time_to_best_lb": 7154.735898054001,
  "feasible": true
}