{
  "best_lb": 174742.38426995688,
  "best_ub": 196700.0,
  "gap": 0.11162997320815009,
  "n_iterations": 4000,
  "runtime_seconds": 1782.7276949882507,
  "n_points_open": 35,
  "total_bins": 177,
  "bins_per_type": {
    "0": 76,
    "1": 32,
    "2": 56,
    "3": 13
  },
  "open_points": [
    9,
    11,
    12,
    16,
    24,
    28,
    29,
    31,
    33,
    36,
    39,
    44,
    53,
    55,
    72,
    87,
    92,
    94,
    99,
    109,
    113,
    122,
    123,
    126,
    127,
    136,
    144,
    150,
    152,
    153,
    157,
    169,
    177,
    201,
    205
  ]
}