{
  "cost": 748900.0,
  "gap_gurobi": 0.003311523567899586,
  "runtime": 14400.06080198288,
  "status": 9,
  "n_points_open": 136,
  "total_bins": 469,
  "bins_per_type": {
    "0": 139,
    "1": 146,
    "2": 120,
    "3": 64
  },
  "open_points": [
    0,
    1,
    2,
    8,
    23,
    24,
    30,
    31,
    32,
    33,
    35,
    37,
    42,
    46,
    53,
    58,
    77,
    80,
    83,
    86,
    87,
    89,
    90,
    93,
    97,
    99,
    100,
    102,
    107,
    111,
    115,
    119,
    120,
    121,
    122,
    123,
    132,
    133,
    134,
    136,
    141,
    144,
    152,
    155,
    156,
    159,
    162,
    167,
    169,
    178,
    181,
    182,
    185,
    186,
    187,
    191,
    192,
    205,
    206,
    207,
    209,
    215,
    220,
    223,
    227,
    228,
    230,
    232,
    235,
    236,
    239,
    252,
    258,
    259,
    262,
    281,
    282,
    283,
    285,
    290,
    291,
    305,
    306,
    308,
    322,
    325,
    330,
    334,
    339,
    340,
    346,
    361,
    364,
    377,
    381,
    386,
    388,
    392,
    400,
    404,
    406,
    409,
    410,
    411,
    412,
    413,
    414,
    415,
    416,
    417,
    418,
    419,
    420,
    421,
    422,
    423,
    424,
    425,
    426,
    427,
    428,
    429,
    430,
    432,
    433,
    434,
    435,
    436,
    437,
    438,
    439,
    440,
    441,
    442,
    444,
    445
  ]
}