{
  "cost": 287850.0,
  "gap_gurobi": 6.948063227375369e-05,
  "runtime": 195.63090991973877,
  "status": 2,
  "n_points_open": 54,
  "total_bins": 171,
  "bins_per_type": {
    "0": 54,
    "1": 54,
    "2": 40,
    "3": 23
  },
  "open_points": [
    5,
    7,
    9,
    13,
    15,
    18,
    21,
    23,
    24,
    25,
    27,
    30,
    32,
    37,
    38,
    39,
    40,
    42,
    44,
    50,
    55,
    56,
    61,
    63,
    64,
    66,
    71,
    79,
    80,
    86,
    89,
    92,
    94,
    99,
    106,
    108,
    109,
    112,
    118,
    121,
    122,
    129,
    140,
    141,
    144,
    145,
    146,
    147,
    148,
    149,
    150,
    151,
    152,
    153
  ]
}