{
  "cost": 128800.0,
  "gap_gurobi": 0.016692546583850932,
  "runtime": 10801.170442819595,
  "status": 9,
  "n_points_open": 22,
  "total_bins": 127,
  "bins_per_type": {
    "0": 52,
    "1": 22,
    "2": 42,
    "3": 11
  },
  "open_points": [
    6,
    20,
    25,
    28,
    31,
    32,
    34,
    40,
    44,
    55,
    61,
    72,
    75,
    79,
    87,
    94,
    96,
    105,
    108,
    111,
    115,
    127
  ]
}