{
  "best_lb": 52799.07909483933,
  "best_ub": 56100.0,
  "gap": 0.05883994483352347,
  "n_iterations": 6000,
  "runtime_seconds": 415.1589398384094,
  "n_points_open": 10,
  "total_bins": 50,
  "bins_per_type": {
    "0": 21,
    "1": 10,
    "2": 15,
    "3": 4
  },
  "open_points": [
    11,
    12,
    25,
    30,
    32,
    41,
    42,
    44,
    58,
    60
  ]
}