{
  "cost": 343070.0,
  "gap_gurobi": 8.744571078788585e-05,
  "runtime": 705.6196570396423,
  "status": 2,
  "n_points_open": 64,
  "total_bins": 208,
  "bins_per_type": {
    "0": 64,
    "1": 65,
    "2": 51,
    "3": 28
  },
  "open_points": [
    0,
    4,
    5,
    7,
    8,
    10,
    11,
    16,
    18,
    19,
    21,
    22,
    23,
    25,
    30,
    34,
    37,
    38,
    39,
    43,
    46,
    48,
    49,
    51,
    57,
    63,
    64,
    68,
    69,
    71,
    72,
    76,
    78,
    79,
    83,
    90,
    94,
    95,
    97,
    98,
    99,
    102,
    108,
    118,
    119,
    120,
    121,
    122,
    124,
    132,
    137,
    159,
    163,
    164,
    166,
    167,
    168,
    169,
    170,
    171,
    172,
    173,
    174,
    175
  ]
}