{
  "cost": 160150.0,
  "gap_gurobi": 0.09647205744614425,
  "runtime": 10800.30893778801,
  "status": 9,
  "n_points_open": 28,
  "total_bins": 151,
  "bins_per_type": {
    "0": 66,
    "1": 26,
    "2": 49,
    "3": 10
  },
  "open_points": [
    2,
    3,
    6,
    8,
    10,
    18,
    20,
    27,
    32,
    33,
    35,
    41,
    48,
    52,
    62,
    69,
    74,
    86,
    96,
    101,
    113,
    118,
    119,
    127,
    152,
    156,
    167,
    169
  ]
}