{
  "cost": 546320.0,
  "gap_gurobi": 9.152145262849612e-05,
  "runtime": 401.9422149658203,
  "status": 2,
  "n_points_open": 100,
  "total_bins": 333,
  "bins_per_type": {
    "0": 102,
    "1": 103,
    "2": 81,
    "3": 47
  },
  "open_points": [
    2,
    11,
    12,
    13,
    14,
    16,
    18,
    23,
    34,
    39,
    41,
    42,
    45,
    49,
    51,
    52,
    53,
    54,
    59,
    63,
    67,
    69,
    71,
    73,
    74,
    75,
    77,
    82,
    83,
    86,
    89,
    91,
    92,
    95,
    96,
    97,
    110,
    112,
    113,
    114,
    115,
    119,
    120,
    129,
    133,
    146,
    147,
    150,
    153,
    155,
    156,
    157,
    160,
    170,
    176,
    178,
    190,
    191,
    193,
    197,
    203,
    204,
    205,
    210,
    213,
    217,
    222,
    223,
    229,
    241,
    253,
    255,
    256,
    263,
    267,
    269,
    274,
    275,
    276,
    277,
    278,
    279,
    281,
    282,
    283,
    284,
    285,
    286,
    287,
    288,
    289,
    290,
    291,
    292,
    293,
    294,
    295,
    296,
    297,
    298
  ]
}