{
  "cost": 670560.0,
  "gap_gurobi": 0.0032361011691720352,
  "runtime": 14400.0889980793,
  "status": 9,
  "n_points_open": 122,
  "total_bins": 414,
  "bins_per_type": {
    "0": 125,
    "1": 129,
    "2": 103,
    "3": 57
  },
  "open_points": [
    1,
    2,
    12,
    17,
    19,
    25,
    27,
    29,
    31,
    34,
    36,
    70,
    73,
    74,
    77,
    79,
    80,
    83,
    87,
    89,
    90,
    92,
    97,
    101,
    105,
    108,
    109,
    110,
    111,
    114,
    117,
    118,
    119,
    121,
    126,
    129,
    136,
    139,
    140,
    143,
    146,
    152,
    163,
    164,
    167,
    168,
    169,
    173,
    185,
    189,
    191,
    194,
    195,
    197,
    202,
    205,
    209,
    210,
    212,
    214,
    217,
    218,
    221,
    233,
    237,
    238,
    241,
    258,
    259,
    260,
    261,
    267,
    280,
    281,
    283,
    291,
    297,
    301,
    304,
    305,
    311,
    318,
    326,
    340,
    343,
    345,
    348,
    355,
    359,
    361,
    362,
    365,
    366,
    367,
    368,
    369,
    371,
    372,
    373,
    374,
    375,
    376,
    377,
    378,
    379,
    380,
    381,
    382,
    383,
    384,
    385,
    386,
    388,
    389,
    390,
    391,
    392,
    393,
    394,
    395,
    396,
    397
  ]
}