{
  "cost": 1007010.0,
  "gap_gurobi": 0.0059681631761352915,
  "runtime": 14400.167371988297,
  "status": 9,
  "n_points_open": 182,
  "total_bins": 646,
  "bins_per_type": {
    "0": 189,
    "1": 202,
    "2": 168,
    "3": 87
  },
  "open_points": [
    2,
    3,
    4,
    8,
    10,
    11,
    34,
    37,
    43,
    44,
    50,
    51,
    52,
    53,
    55,
    57,
    63,
    68,
    70,
    75,
    80,
    84,
    89,
    108,
    111,
    114,
    125,
    128,
    129,
    132,
    134,
    135,
    138,
    142,
    144,
    145,
    146,
    148,
    153,
    157,
    161,
    162,
    165,
    168,
    169,
    170,
    171,
    179,
    186,
    187,
    188,
    190,
    195,
    199,
    201,
    209,
    210,
    213,
    214,
    216,
    217,
    219,
    222,
    223,
    226,
    227,
    228,
    229,
    231,
    232,
    234,
    235,
    236,
    243,
    244,
    248,
    249,
    252,
    253,
    254,
    258,
    260,
    263,
    272,
    273,
    276,
    278,
    281,
    289,
    290,
    291,
    296,
    297,
    299,
    301,
    303,
    304,
    305,
    314,
    322,
    329,
    335,
    336,
    337,
    339,
    345,
    346,
    361,
    374,
    377,
    378,
    382,
    393,
    400,
    419,
    420,
    428,
    434,
    441,
    448,
    451,
    455,
    456,
    461,
    462,
    466,
    467,
    471,
    487,
    490,
    505,
    510,
    525,
    527,
    532,
    535,
    540,
    544,
    546,
    551,
    552,
    553,
    554,
    555,
    556,
    557,
    558,
    559,
    561,
    562,
    563,
    564,
    565,
    566,
    567,
    568,
    569,
    570,
    571,
    572,
    573,
    574,
    575,
    576,
    577,
    578,
    579,
    580,
    582,
    583,
    584,
    585,
    586,
    587,
    588,
    590,
    591,
    592,
    593,
    594,
    595,
    596
  ]
}