{
  "cost": 560150.0,
  "gap_gurobi": 8.926180487369455e-05,
  "runtime": 51.78811502456665,
  "status": 2,
  "n_points_open": 107,
  "total_bins": 304,
  "bins_per_type": {
    "0": 109,
    "1": 107,
    "2": 66,
    "3": 22
  },
  "open_points": [
    1,
    6,
    9,
    10,
    11,
    13,
    15,
    16,
    18,
    19,
    21,
    22,
    24,
    25,
    27,
    31,
    32,
    36,
    37,
    40,
    41,
    44,
    47,
    49,
    54,
    58,
    63,
    65,
    70,
    72,
    73,
    74,
    76,
    86,
    87,
    90,
    91,
    94,
    95,
    98,
    100,
    103,
    108,
    111,
    113,
    114,
    116,
    118,
    120,
    122,
    134,
    138,
    145,
    148,
    149,
    150,
    152,
    154,
    155,
    160,
    164,
    168,
    171,
    174,
    178,
    182,
    183,
    188,
    189,
    195,
    202,
    204,
    207,
    208,
    211,
    212,
    213,
    214,
    215,
    216,
    217,
    218,
    219,
    220,
    221,
    222,
    223,
    224,
    225,
    227,
    228,
    230,
    231,
    232,
    233,
    234,
    235,
    236,
    237,
    238,
    239,
    240,
    241,
    242,
    243,
    244,
    245
  ]
}