{
  "best_lb": 101201.73968694964,
  "best_ub": 113400.0,
  "gap": 0.10756843309568215,
  "n_iterations": 6000,
  "runtime_seconds": 945.5706744194031,
  "n_points_open": 20,
  "total_bins": 104,
  "bins_per_type": {
    "0": 45,
    "1": 18,
    "2": 33,
    "3": 8
  },
  "open_points": [
    4,
    6,
    7,
    11,
    19,
    21,
    24,
    28,
    49,
    55,
    58,
    63,
    73,
    88,
    92,
    94,
    111,
    119,
    130,
    132
  ]
}